{"cameraMode":{"drawMode":0,"name":"Shaded","section":"Shading Mode"},"sceneLighting":false,"audioPlay":false,"sceneViewState":{"m_AlwaysRefresh":false,"showFog":true,"showSkybox":false,"showFlares":true,"showImageEffects":true,"showParticleSystems":true,"showVisualEffectGraphs":true,"m_FxEnabled":true},"in2DMode":false,"pivot":{"x":472.9999694824219,"y":250.2550048828125,"z":-1.1100003719329835},"rotation":{"x":0.05908505618572235,"y":0.09687677770853043,"z":-0.005763588473200798,"w":0.9935330748558044},"size":537.4865112304688,"orthographic":false}